-- MySQL dump 10.13  Distrib 5.6.14, for osx10.7 (x86_64)
--
-- Host: localhost    Database: fabsmith
-- ------------------------------------------------------
-- Server version	5.6.14

/*!40101 SET @OLD_CHARACTER_SET_CLIENT=@@CHARACTER_SET_CLIENT */;
/*!40101 SET @OLD_CHARACTER_SET_RESULTS=@@CHARACTER_SET_RESULTS */;
/*!40101 SET @OLD_COLLATION_CONNECTION=@@COLLATION_CONNECTION */;
/*!40101 SET NAMES utf8 */;
/*!40103 SET @OLD_TIME_ZONE=@@TIME_ZONE */;
/*!40103 SET TIME_ZONE='+00:00' */;
/*!40014 SET @OLD_UNIQUE_CHECKS=@@UNIQUE_CHECKS, UNIQUE_CHECKS=0 */;
/*!40014 SET @OLD_FOREIGN_KEY_CHECKS=@@FOREIGN_KEY_CHECKS, FOREIGN_KEY_CHECKS=0 */;
/*!40101 SET @OLD_SQL_MODE=@@SQL_MODE, SQL_MODE='NO_AUTO_VALUE_ON_ZERO' */;
/*!40111 SET @OLD_SQL_NOTES=@@SQL_NOTES, SQL_NOTES=0 */;

--
-- Table structure for table `activations`
--

DROP TABLE IF EXISTS `activations`;
/*!40101 SET @saved_cs_client     = @@character_set_client */;
/*!40101 SET character_set_client = utf8 */;
CREATE TABLE `activations` (
  `id` int(11) unsigned NOT NULL AUTO_INCREMENT,
  `invoice_id` int(11) DEFAULT NULL,
  `user_id` int(11) NOT NULL,
  `machine_id` int(11) NOT NULL,
  `active` tinyint(1) NOT NULL,
  `time_start` datetime NOT NULL,
  `time_end` datetime DEFAULT NULL,
  `time_total` int(11) NOT NULL,
  `used_kwh` float NOT NULL,
  `discount_percents` float NOT NULL,
  `discount_fixed` float NOT NULL,
  `vat_rate` float NOT NULL,
  `comment_ref` varchar(255) NOT NULL DEFAULT '',
  `invoiced` tinyint(1) NOT NULL,
  `changed` tinyint(1) NOT NULL,
  PRIMARY KEY (`id`)
) ENGINE=InnoDB AUTO_INCREMENT=299 DEFAULT CHARSET=utf8;
/*!40101 SET character_set_client = @saved_cs_client */;

--
-- Dumping data for table `activations`
--

LOCK TABLES `activations` WRITE;
/*!40000 ALTER TABLE `activations` DISABLE KEYS */;
INSERT INTO `activations` VALUES (50,NULL,1,2,0,'2014-10-24 20:13:10','2014-10-24 20:14:29',79,0,0,0,0,'',0,0),(51,NULL,1,2,0,'2014-10-24 20:41:46','2014-10-24 20:42:20',35,0,0,0,0,'',0,0),(52,NULL,1,2,0,'2014-10-24 20:42:38','2014-10-24 20:42:53',16,0,0,0,0,'',0,0),(53,NULL,1,2,0,'2014-10-27 17:06:52','2014-10-27 17:07:10',18,0,0,0,0,'',0,0),(54,NULL,1,2,0,'2014-10-27 18:32:32','2014-10-27 18:32:46',15,0,0,0,0,'',0,0),(55,NULL,1,2,0,'2014-10-27 18:39:04','2014-10-27 18:39:16',12,0,0,0,0,'',0,0),(56,NULL,1,2,0,'2014-10-27 18:48:17','2014-10-27 18:48:29',13,0,0,0,0,'',0,0),(57,NULL,1,2,0,'2014-10-27 18:58:27','2014-10-27 18:58:39',13,0,0,0,0,'',0,0),(58,NULL,2,2,0,'2014-10-30 14:35:38','2014-10-30 18:25:58',13821,0,0,0,0,'',0,0),(71,NULL,1,1,0,'2014-10-30 16:15:52','2014-10-30 17:23:37',4065,0,0,0,0,'',0,0),(72,NULL,1,1,0,'2014-10-30 17:23:49','2014-10-30 17:24:09',20,0,0,0,0,'',0,0),(73,NULL,1,1,0,'2014-10-30 17:25:12','2014-10-30 17:28:42',211,0,0,0,0,'',0,0),(74,NULL,1,1,0,'2014-10-30 17:28:56','2014-10-30 17:29:04',8,0,0,0,0,'',0,0),(75,NULL,1,1,0,'2014-10-30 17:31:53','2014-10-30 17:31:58',5,0,0,0,0,'',0,0),(76,NULL,1,1,0,'2014-10-30 17:33:55','2014-10-30 17:34:00',6,0,0,0,0,'',0,0),(77,NULL,1,3,0,'2014-10-30 17:34:29','2014-10-30 17:34:44',16,0,0,0,0,'',0,0),(78,NULL,1,1,0,'2014-10-30 17:35:07','2014-10-30 17:35:18',11,0,0,0,0,'',0,0),(79,NULL,1,1,0,'2014-10-30 17:37:24','2014-10-30 17:37:39',15,0,0,0,0,'',0,0),(80,NULL,1,1,0,'2014-10-30 17:38:21','2014-10-30 17:38:33',12,0,0,0,0,'',0,0),(81,NULL,1,1,0,'2014-10-30 17:38:47','2014-10-30 17:38:52',6,0,0,0,0,'',0,0),(82,NULL,1,1,0,'2014-10-30 17:38:55','2014-10-30 17:38:58',4,0,0,0,0,'',0,0),(83,NULL,1,1,0,'2014-10-30 17:41:47','2014-10-30 17:43:00',73,0,0,0,0,'',0,0),(84,NULL,1,1,0,'2014-10-30 17:44:11','2014-10-30 17:44:57',46,0,0,0,0,'',0,0),(85,NULL,1,1,0,'2014-10-30 17:50:54','2014-10-30 18:25:23',2070,0,0,0,0,'',0,0),(86,NULL,1,3,0,'2014-10-30 18:25:15','2014-10-30 18:25:40',25,0,0,0,0,'',0,0),(87,NULL,2,2,0,'2014-10-30 18:26:09','2014-10-30 18:26:13',5,0,0,0,0,'',0,0),(88,NULL,1,2,0,'2014-10-30 18:26:39','2014-10-30 18:32:55',377,0,0,0,0,'',0,0),(89,NULL,1,1,0,'2014-10-30 18:32:47','2014-10-30 18:32:58',11,0,0,0,0,'',0,0),(90,NULL,1,1,0,'2014-10-30 18:33:40','2014-10-30 18:34:30',50,0,0,0,0,'',0,0),(91,NULL,1,2,0,'2014-10-30 18:34:21','2014-10-30 18:34:32',12,0,0,0,0,'',0,0),(92,NULL,1,1,0,'2014-10-30 18:34:46','2014-10-30 18:52:02',1036,0,0,0,0,'',0,0),(93,NULL,1,2,0,'2014-10-30 18:51:22','2014-10-30 18:52:22',60,0,0,0,0,'',0,0),(94,NULL,2,2,0,'2014-10-30 18:56:49','2014-10-31 13:14:21',65852,0,0,0,0,'',0,0),(95,NULL,2,5,0,'2014-10-31 13:13:32','2014-10-31 14:29:06',4535,0,0,0,0,'',0,0),(96,NULL,1,1,0,'2014-10-31 13:53:42','2014-10-31 14:07:18',816,0,0,0,0,'',0,0),(97,NULL,1,2,0,'2014-10-31 14:04:54','2014-10-31 14:05:08',14,0,0,0,0,'',0,0),(98,NULL,1,2,0,'2014-10-31 14:05:13','2014-10-31 14:28:39',1407,0,0,0,0,'',0,0),(99,NULL,2,3,0,'2014-10-31 14:06:21','2014-10-31 14:33:25',1624,0,0,0,0,'',0,0),(100,NULL,1,1,0,'2014-10-31 14:32:35','2014-10-31 19:29:54',17840,0,0,0,0,'',0,0),(101,NULL,2,2,0,'2014-10-31 14:34:08','2014-10-31 19:27:49',17622,0,0,0,0,'',0,0),(102,NULL,1,3,0,'2014-10-31 17:59:30','2014-10-31 18:00:45',76,0,0,0,0,'',0,0),(103,NULL,1,2,0,'2014-10-31 19:28:39','2014-10-31 19:30:28',110,0,0,0,0,'',0,0),(104,NULL,1,1,0,'2014-11-17 20:12:47','2014-12-01 12:24:05',1181478,0,0,0,0,'',0,0),(105,NULL,2,3,0,'2014-11-17 20:13:24','2014-12-01 12:24:24',1181461,0,0,0,0,'',0,0),(106,NULL,1,2,0,'2014-11-30 17:13:54','2014-12-01 12:24:10',69016,0,0,0,0,'',0,0),(107,NULL,1,3,0,'2014-12-01 12:24:37','2014-12-01 12:59:53',2116,0,0,0,0,'',0,0),(108,NULL,1,1,0,'2014-12-01 12:52:26','2014-12-01 12:52:30',4,0,0,0,0,'',0,0),(109,NULL,1,2,0,'2014-12-01 14:37:15','2014-12-09 14:19:11',690117,0,0,0,0,'',0,0),(110,NULL,1,2,0,'2014-12-09 14:19:23','2014-12-15 16:42:25',526982,0,0,0,0,'',0,0),(111,NULL,1,1,0,'2014-12-15 18:06:29','2014-12-15 18:06:37',9,0,0,0,0,'',0,0),(112,NULL,1,1,0,'2014-12-18 14:56:49','2014-12-18 15:44:04',2836,0,0,0,0,'',0,0),(113,NULL,1,3,0,'2014-12-18 15:46:04','2014-12-18 15:47:12',69,0,0,0,0,'',0,0),(114,NULL,1,1,0,'2014-12-18 15:50:38','2014-12-18 15:51:24',47,0,0,0,0,'',0,0),(115,NULL,1,3,0,'2014-12-18 15:50:47','2014-12-18 15:51:41',54,0,0,0,0,'',0,0),(116,NULL,1,2,0,'2014-12-18 15:51:47','2014-12-18 17:50:11',7104,0,0,0,0,'',0,0),(117,NULL,1,1,0,'2014-12-18 16:48:17','2014-12-18 16:48:22',6,0,0,0,0,'',0,0),(118,NULL,2,3,0,'2014-12-18 17:48:27','2014-12-18 18:06:55',1108,0,0,0,0,'',0,0),(119,NULL,1,2,0,'2014-12-18 17:54:08','2014-12-18 17:54:12',4,0,0,0,0,'',0,0),(120,NULL,1,2,0,'2014-12-18 17:56:30','2014-12-18 17:56:32',3,0,0,0,0,'',0,0),(121,NULL,1,2,0,'2014-12-18 17:57:38','2014-12-18 17:57:40',2,0,0,0,0,'',0,0),(122,NULL,1,1,0,'2014-12-18 17:59:15','2014-12-18 17:59:17',2,0,0,0,0,'',0,0),(123,NULL,1,2,0,'2014-12-18 17:59:22','2014-12-18 18:10:09',648,0,0,0,0,'',0,0),(124,NULL,2,5,0,'2014-12-18 18:06:58','2014-12-18 18:07:03',5,0,0,0,0,'',0,0),(125,NULL,1,3,0,'2014-12-18 18:10:12','2014-12-19 15:26:04',76552,0,0,0,0,'',0,0),(126,NULL,2,2,0,'2014-12-18 18:12:17','2014-12-19 15:23:38',76281,0,0,0,0,'',0,0),(127,NULL,1,1,0,'2014-12-19 12:53:30','2014-12-19 12:53:35',5,0,0,0,0,'',0,0),(128,NULL,1,1,0,'2014-12-19 12:54:08','2014-12-19 12:55:16',69,0,0,0,0,'',0,0),(129,NULL,1,1,0,'2014-12-19 12:55:23','2014-12-19 12:56:12',49,0,0,0,0,'',0,0),(130,NULL,1,1,0,'2014-12-19 12:56:23','2014-12-19 12:58:06',104,0,0,0,0,'',0,0),(131,NULL,1,1,0,'2014-12-19 12:59:09','2014-12-19 12:59:47',39,0,0,0,0,'',0,0),(132,NULL,2,5,0,'2014-12-19 13:01:13','2014-12-19 13:01:29',16,0,0,0,0,'',0,0),(133,NULL,1,1,0,'2014-12-19 13:39:08','2014-12-19 13:39:58',50,0,0,0,0,'',0,0),(134,NULL,1,1,0,'2014-12-19 13:40:07','2014-12-19 13:40:13',7,0,0,0,0,'',0,0),(135,NULL,2,2,0,'2014-12-19 15:24:11','2014-12-19 15:25:04',53,0,0,0,0,'',0,0),(136,NULL,1,1,0,'2014-12-19 15:27:39','2014-12-19 16:15:53',2895,0,0,0,0,'',0,0),(137,NULL,1,1,0,'2014-12-19 16:20:12','2014-12-19 17:22:35',3743,0,0,0,0,'',0,0),(138,NULL,1,3,0,'2014-12-19 16:35:57','2014-12-19 17:22:10',2774,0,0,0,0,'',0,0),(139,NULL,1,1,0,'2014-12-19 17:23:07','2014-12-19 17:35:04',718,0,0,0,0,'',0,0),(140,NULL,2,3,0,'2014-12-19 17:24:04','2014-12-19 22:40:42',18999,0,0,0,0,'',0,0),(141,NULL,1,2,0,'2014-12-19 18:03:23','2014-12-19 18:03:30',8,0,0,0,0,'',0,0),(142,NULL,1,1,0,'2014-12-19 18:05:24','2014-12-19 22:39:46',16463,0,0,0,0,'',0,0),(143,NULL,1,2,0,'2014-12-19 18:05:26','2014-12-19 18:05:35',10,0,0,0,0,'',0,0),(144,NULL,1,2,0,'2014-12-19 22:39:53','2014-12-19 22:44:35',283,0,0,0,0,'',0,0),(145,NULL,2,5,0,'2014-12-19 22:40:31','2014-12-22 11:48:39',220089,0,0,0,0,'',0,0),(146,NULL,1,1,0,'2014-12-19 22:42:08','2014-12-19 22:42:13',6,0,0,0,0,'',0,0),(147,NULL,1,2,0,'2014-12-21 21:53:16','2014-12-22 10:48:21',46505,0,0,0,0,'',0,0),(148,NULL,1,3,0,'2014-12-21 21:53:42','2014-12-22 10:59:04',47123,0,0,0,0,'',0,0),(149,NULL,1,1,0,'2014-12-22 10:46:25','2014-12-22 10:46:28',3,0,0,0,0,'',0,0),(150,NULL,1,2,0,'2014-12-22 10:48:22','2014-12-22 10:58:13',591,0,0,0,0,'',0,0),(151,NULL,1,3,0,'2014-12-22 10:59:16','2014-12-22 10:59:50',34,0,0,0,0,'',0,0),(152,NULL,1,1,0,'2014-12-22 11:07:54','2014-12-22 11:07:58',5,0,0,0,0,'',0,0),(153,NULL,1,1,0,'2014-12-22 11:11:33','2014-12-22 11:11:36',4,0,0,0,0,'',0,0),(154,NULL,1,1,0,'2014-12-22 11:15:45','2014-12-22 11:15:53',8,0,0,0,0,'',0,0),(155,NULL,1,1,0,'2014-12-22 11:16:35','2014-12-22 11:20:07',212,0,0,0,0,'',0,0),(156,NULL,1,2,0,'2014-12-22 11:18:36','2014-12-22 11:47:58',1763,0,0,0,0,'',0,0),(157,NULL,1,3,0,'2014-12-22 11:19:24','2014-12-22 11:48:00',1716,0,0,0,0,'',0,0),(158,NULL,1,1,0,'2014-12-22 11:20:10','2014-12-22 11:20:58',48,0,0,0,0,'',0,0),(159,NULL,1,1,0,'2014-12-22 11:20:59','2014-12-22 11:21:56',57,0,0,0,0,'',0,0),(160,NULL,1,1,0,'2014-12-22 11:21:04','2014-12-22 11:22:19',76,0,0,0,0,'',0,0),(161,NULL,1,1,0,'2014-12-22 11:22:02','2014-12-22 11:23:21',79,0,0,0,0,'',0,0),(162,NULL,1,1,0,'2014-12-22 11:22:20','2014-12-22 11:23:57',97,0,0,0,0,'',0,0),(163,NULL,1,1,0,'2014-12-22 11:23:23','2014-12-22 11:26:22',179,0,0,0,0,'',0,0),(164,NULL,1,1,0,'2014-12-22 11:23:58','2014-12-22 11:39:38',941,0,0,0,0,'',0,0),(165,NULL,1,1,0,'2014-12-22 11:26:25','2014-12-22 11:41:28',904,0,0,0,0,'',0,0),(166,NULL,1,1,0,'2014-12-22 11:39:41','2014-12-22 11:42:26',166,0,0,0,0,'',0,0),(167,NULL,1,1,0,'2014-12-22 11:41:29','2014-12-22 11:43:03',95,0,0,0,0,'',0,0),(168,NULL,1,1,0,'2014-12-22 11:42:27','2014-12-22 11:45:29',183,0,0,0,0,'',0,0),(169,NULL,1,1,0,'2014-12-22 11:43:04','2014-12-22 11:48:20',317,0,0,0,0,'',0,0),(170,NULL,1,1,0,'2014-12-22 11:45:32','2014-12-22 11:45:41',9,0,0,0,0,'',0,0),(171,NULL,1,1,0,'2014-12-22 11:45:42','2014-12-22 14:16:52',9071,0,0,0,0,'',0,0),(172,NULL,1,1,0,'2014-12-22 11:48:23','2015-01-05 14:46:24',1220282,0,0,0,0,'',0,0),(173,NULL,2,2,0,'2014-12-22 11:48:42','2014-12-22 14:10:13',8491,0,0,0,0,'',0,0),(174,NULL,1,3,0,'2014-12-22 13:25:16','2014-12-22 13:25:22',7,0,0,0,0,'',0,0),(175,NULL,2,3,0,'2014-12-22 14:11:11','2014-12-22 14:11:48',37,0,0,0,0,'',0,0),(176,NULL,1,3,0,'2014-12-22 14:11:52','2015-01-05 14:50:17',1211905,0,0,0,0,'',0,0),(177,NULL,2,2,0,'2014-12-22 14:13:45','2014-12-22 14:23:26',582,0,0,0,0,'',0,0),(178,NULL,2,2,0,'2014-12-22 14:25:13','2014-12-22 15:43:33',4700,0,0,0,0,'',0,0),(179,NULL,2,5,0,'2014-12-22 14:35:14','2014-12-22 14:39:19',245,0,0,0,0,'',0,0),(180,NULL,4,1,0,'2014-12-22 15:45:39','2015-01-05 14:50:07',1206268,0,0,0,0,'',0,0),(181,NULL,2,2,0,'2014-12-22 15:47:41','2014-12-22 15:50:06',146,0,0,0,0,'',0,0),(182,NULL,2,5,0,'2014-12-22 15:49:36','2014-12-22 15:49:49',13,0,0,0,0,'',0,0),(183,NULL,2,2,0,'2014-12-22 15:50:07','2014-12-22 15:51:35',89,0,0,0,0,'',0,0),(184,NULL,4,2,0,'2014-12-22 15:51:37','2014-12-22 15:51:41',5,0,0,0,0,'',0,0),(185,NULL,2,2,0,'2014-12-22 15:52:27','2014-12-22 15:52:37',10,0,0,0,0,'',0,0),(186,NULL,2,5,0,'2014-12-22 15:52:40','2014-12-22 15:52:42',3,0,0,0,0,'',0,0),(188,NULL,1,2,0,'2015-01-05 14:41:41','2015-01-05 14:41:47',6,0,0,0,0,'',0,0),(189,NULL,1,2,0,'2015-01-05 14:41:49','2015-01-05 14:41:53',5,0,0,0,0,'',0,0),(190,NULL,1,1,0,'2015-01-05 14:48:38','2015-01-05 14:48:43',6,0,0,0,0,'',0,0),(191,NULL,1,1,0,'2015-01-05 14:49:46','2015-01-05 14:56:19',394,0,0,0,0,'',0,0),(192,NULL,1,3,0,'2015-01-05 14:50:19','2015-01-05 14:50:22',4,0,0,0,0,'',0,0),(193,NULL,1,1,0,'2015-01-05 14:55:19','2015-01-05 14:55:22',3,0,0,0,0,'',0,0),(194,NULL,1,1,0,'2015-01-05 14:55:31','2015-01-05 14:55:37',6,0,0,0,0,'',0,0),(195,NULL,1,1,0,'2015-01-05 14:55:47','2015-01-05 14:55:49',3,0,0,0,0,'',0,0),(196,NULL,1,1,0,'2015-01-05 14:55:56','2015-01-05 15:06:07',611,0,0,0,0,'',0,0),(197,NULL,1,1,0,'2015-01-05 14:56:21','2015-01-05 15:22:15',1555,0,0,0,0,'',0,0),(198,NULL,1,2,0,'2015-01-05 15:05:26','2015-01-05 15:05:30',5,0,0,0,0,'',0,0),(199,NULL,1,2,0,'2015-01-05 15:05:32','2015-01-05 15:05:35',3,0,0,0,0,'',0,0),(200,NULL,1,2,0,'2015-01-05 15:05:58','2015-01-05 15:07:29',92,0,0,0,0,'',0,0),(201,NULL,1,1,0,'2015-01-05 15:06:08','2015-01-05 15:06:11',3,0,0,0,0,'',0,0),(202,NULL,1,2,0,'2015-01-05 15:07:32','2015-01-09 17:55:30',355679,0,0,0,0,'',0,0),(203,NULL,1,1,0,'2015-01-05 15:09:53','2015-01-05 15:09:55',2,0,0,0,0,'',0,0),(204,NULL,1,1,0,'2015-01-05 15:11:21','2015-01-05 15:11:23',2,0,0,0,0,'',0,0),(205,NULL,1,1,0,'2015-01-05 15:15:41','2015-01-05 15:15:44',3,0,0,0,0,'',0,0),(206,NULL,1,1,0,'2015-01-05 15:15:54','2015-01-05 15:15:56',3,0,0,0,0,'',0,0),(207,NULL,1,1,0,'2015-01-05 15:18:11','2015-01-05 15:18:14',3,0,0,0,0,'',0,0),(208,NULL,1,1,0,'2015-01-05 15:18:22','2015-01-05 15:18:24',2,0,0,0,0,'',0,0),(209,NULL,1,1,0,'2015-01-05 15:18:49','2015-01-05 15:18:51',2,0,0,0,0,'',0,0),(210,NULL,1,1,0,'2015-01-05 15:19:08','2015-01-05 15:19:10',3,0,0,0,0,'',0,0),(211,NULL,1,1,0,'2015-01-05 15:19:30','2015-01-05 15:19:32',3,0,0,0,0,'',0,0),(212,NULL,1,1,0,'2015-01-05 15:19:34','2015-01-05 15:19:36',3,0,0,0,0,'',0,0),(213,NULL,1,1,0,'2015-01-05 15:21:19','2015-01-05 15:21:23',4,0,0,0,0,'',0,0),(214,NULL,1,1,0,'2015-01-05 15:21:25','2015-01-05 15:21:28',4,0,0,0,0,'',0,0),(215,NULL,1,1,0,'2015-01-05 15:21:40','2015-01-05 15:26:29',290,0,0,0,0,'',0,0),(216,NULL,1,1,0,'2015-01-05 15:22:17','2015-01-05 15:22:20',3,0,0,0,0,'',0,0),(217,NULL,1,1,0,'2015-01-05 15:22:22','2015-01-05 15:22:26',4,0,0,0,0,'',0,0),(218,NULL,1,1,0,'2015-01-05 15:22:27','2015-01-05 15:26:46',260,0,0,0,0,'',0,0),(219,NULL,1,1,0,'2015-01-05 15:26:31','2015-01-05 15:26:52',21,0,0,0,0,'',0,0),(220,NULL,1,1,0,'2015-01-05 15:26:47','2015-01-05 15:27:27',40,0,0,0,0,'',0,0),(222,NULL,1,1,0,'2015-01-05 15:27:28','2015-01-05 15:27:32',4,0,0,0,0,'',0,0),(223,NULL,1,1,0,'2015-01-05 15:27:37','2015-01-05 15:27:41',4,0,0,0,0,'',0,0),(224,NULL,1,1,0,'2015-01-05 15:29:08','2015-01-05 15:29:11',4,0,0,0,0,'',0,0),(225,NULL,1,1,0,'2015-01-05 15:29:13','2015-01-05 15:29:15',3,0,0,0,0,'',0,0),(226,NULL,1,1,0,'2015-01-05 15:32:58','2015-01-05 15:33:01',3,0,0,0,0,'',0,0),(227,NULL,1,1,0,'2015-01-05 15:33:55','2015-01-05 15:33:58',3,0,0,0,0,'',0,0),(236,NULL,1,1,0,'2015-01-16 13:14:58','2015-01-16 13:15:04',6,0,0,0,0,'',0,0),(237,NULL,1,1,0,'2015-01-16 13:15:09','2015-01-16 13:15:14',6,0,0,0,0,'',0,0),(238,NULL,1,1,0,'2015-01-16 13:15:20','2015-01-16 13:15:22',3,0,0,0,0,'',0,0),(239,NULL,1,1,0,'2015-01-19 13:13:58','2015-01-19 13:14:12',14,0,0,0,0,'',0,0),(241,NULL,1,2,0,'2015-01-19 13:17:28','2015-01-19 13:17:39',11,0,0,0,0,'',0,0),(242,NULL,1,2,0,'2015-01-19 13:17:45','2015-01-19 13:17:53',9,0,0,0,0,'',0,0),(243,NULL,1,5,0,'2015-01-19 13:18:08','2015-01-19 13:18:10',2,0,0,0,0,'',0,0),(246,NULL,1,3,0,'2015-01-26 14:33:26','2015-01-26 14:33:37',12,0,0,0,0,'',0,0),(253,NULL,1,1,0,'2015-01-26 15:00:31','2015-01-26 15:00:44',13,0,0,0,0,'',0,0),(256,NULL,1,1,0,'2015-01-26 15:01:42','2015-01-26 15:01:45',4,0,0,0,0,'',0,0),(258,NULL,1,1,0,'2015-01-26 16:29:52','2015-01-26 16:31:17',86,0,0,0,0,'',0,0),(259,NULL,1,1,0,'2015-01-26 16:31:23','2015-01-26 16:40:45',562,0,0,0,0,'',0,0),(260,NULL,1,1,0,'2015-01-26 16:40:50','2015-01-26 16:42:24',95,0,0,0,0,'',0,0),(261,NULL,1,2,0,'2015-01-26 16:40:51','2015-01-26 16:42:29',99,0,0,0,0,'',0,0),(262,NULL,1,3,0,'2015-01-26 16:40:53','2015-01-26 16:42:35',102,0,0,0,0,'',0,0),(263,NULL,1,5,0,'2015-01-26 16:40:54','2015-01-26 16:42:43',110,0,0,0,0,'',0,0),(265,NULL,1,7,0,'2015-01-26 16:40:58','2015-01-26 16:42:49',111,0,0,0,0,'',0,0),(266,NULL,1,8,0,'2015-01-26 16:40:59','2015-01-26 16:42:55',117,0,0,0,0,'',0,0),(267,NULL,1,2,0,'2015-01-29 14:50:24','2015-01-29 14:50:26',2,0,0,0,0,'',0,0),(268,NULL,1,2,0,'2015-01-29 17:51:42','2015-01-29 17:51:48',6,0,0,0,0,'',0,0),(269,NULL,1,2,0,'2015-01-29 17:51:49','2015-01-29 17:51:50',2,0,0,0,0,'',0,0),(270,NULL,1,2,0,'2015-01-29 17:51:51','2015-01-29 17:51:52',2,0,0,0,0,'',0,0),(271,NULL,1,2,0,'2015-01-29 17:52:52','2015-01-29 17:52:53',2,0,0,0,0,'',0,0),(272,NULL,1,2,0,'2015-01-29 17:52:57','2015-01-29 17:54:25',88,0,0,0,0,'',0,0),(273,NULL,1,2,0,'2015-01-29 17:54:27','2015-01-29 17:54:34',7,0,0,0,0,'',0,0),(274,NULL,1,2,0,'2015-01-29 17:54:40','2015-01-29 17:54:43',4,0,0,0,0,'',0,0),(275,NULL,1,2,0,'2015-01-29 17:55:50','2015-01-29 17:55:53',3,0,0,0,0,'',0,0),(276,NULL,1,2,0,'2015-01-29 17:55:54','2015-01-29 17:56:05',11,0,0,0,0,'',0,0),(277,NULL,1,7,0,'2015-01-30 14:47:30','2015-01-30 14:47:32',3,0,0,0,0,'',0,0),(278,NULL,1,8,0,'2015-01-30 14:47:33','2015-01-30 14:47:35',3,0,0,0,0,'',0,0),(279,NULL,1,2,0,'2015-03-07 11:19:13','2015-03-07 11:19:16',4,0,0,0,0,'',0,0),(280,NULL,1,1,0,'2015-03-09 15:54:58','2015-03-09 15:55:16',18,0,0,0,0,'',0,0),(281,NULL,1,1,0,'2015-03-10 12:45:15','2015-03-10 12:45:17',3,0,0,0,0,'',0,0),(282,NULL,1,1,0,'2015-03-10 15:25:30','2015-03-10 15:25:34',4,0,0,0,0,'',0,0),(283,NULL,1,1,0,'2015-03-10 19:43:06','2015-03-10 19:43:12',7,0,0,0,0,'',0,0),(284,NULL,1,1,0,'2015-03-10 19:44:44','2015-03-10 19:44:54',11,0,0,0,0,'',0,0),(285,NULL,1,1,0,'2015-03-11 14:02:01','2015-03-11 14:02:06',5,0,0,0,0,'',0,0),(286,NULL,2,1,0,'2015-03-11 14:02:14','2015-03-11 14:02:36',23,0,0,0,0,'',0,0),(287,NULL,1,1,0,'2015-03-11 16:52:58','2015-03-11 16:52:59',2,0,0,0,0,'',0,0),(288,NULL,1,2,0,'2015-03-11 16:53:00','2015-03-11 16:53:01',2,0,0,0,0,'',0,0),(289,NULL,1,3,0,'2015-03-11 16:53:02','2015-03-11 16:53:03',2,0,0,0,0,'',0,0),(290,NULL,1,1,0,'2015-03-11 17:20:29','2015-03-11 17:23:23',175,0,0,0,0,'',0,0),(291,NULL,1,1,0,'2015-03-11 17:25:47','2015-03-11 17:27:58',131,0,0,0,0,'',0,0),(292,NULL,1,1,0,'2015-03-11 17:28:15','2015-03-11 17:28:22',8,0,0,0,0,'',0,0),(293,NULL,1,1,0,'2015-03-11 17:28:37','2015-03-11 17:31:48',191,0,0,0,0,'',0,0),(294,NULL,1,1,0,'2015-03-11 17:31:50','2015-03-11 17:31:52',2,0,0,0,0,'',0,0),(295,NULL,2,1,0,'2015-03-11 17:31:57','2015-03-11 17:32:17',21,0,0,0,0,'',0,0),(296,NULL,4,1,0,'2015-03-11 17:31:57','2015-03-11 17:32:17',21,0,0,0,0,'',0,0),(297,NULL,6,1,0,'2015-03-11 17:31:57','2015-03-11 17:32:17',21,0,0,0,0,'',0,0),(298,NULL,8,1,0,'2015-03-11 17:31:57','2015-03-11 17:32:17',21,0,0,0,0,'',0,0);
/*!40000 ALTER TABLE `activations` ENABLE KEYS */;
UNLOCK TABLES;

--
-- Table structure for table `auth`
--

DROP TABLE IF EXISTS `auth`;
/*!40101 SET @saved_cs_client     = @@character_set_client */;
/*!40101 SET character_set_client = utf8 */;
CREATE TABLE `auth` (
  `user_id` int(11) NOT NULL,
  `nfc_key` varchar(100) NOT NULL DEFAULT '',
  `hash` varchar(300) NOT NULL DEFAULT '',
  `salt` varchar(100) NOT NULL DEFAULT ''
) ENGINE=InnoDB DEFAULT CHARSET=utf8;
/*!40101 SET character_set_client = @saved_cs_client */;

--
-- Dumping data for table `auth`
--

LOCK TABLES `auth` WRITE;
/*!40000 ALTER TABLE `auth` DISABLE KEYS */;
INSERT INTO `auth` VALUES (1,'0','8891bbca212ce3a0a887c193eadec8cf9ff29f0fc3cd3298b55b471aed559ffc25850e7009b5afda68e750167dc77674d118c78602367fb36500b61b764150f4','0936667b6a0c16730907fdac3fd92be951a12dbd5a987bb8225cad2f88d42e9c'),(2,'0','f936afa73ab93a950f3fe097d130229fc096f539210daef57bcf53984b376bb7f168b94d0b89e62021d6b3484d030867808c50b8cd162cc59ae9cdd1f9f052c8','f37e9523396613c23f0f53973005fdf916f17811794a1459990198376f1f02f5'),(8,'','edda61ba495a09784923af3bfe28b9152dec9a7f9da00f8f4b6ff445cc4c6368ee732de23e7a4f6b1c76a88efb730af8c2970cc45e2afa8ac84e7cc885a70505','184b8167b933140c6a7bd76109370bb1a89045ce9f12e5ed9b0a802e152bd3fe');
/*!40000 ALTER TABLE `auth` ENABLE KEYS */;
UNLOCK TABLES;

--
-- Table structure for table `hexaswitch`
--

DROP TABLE IF EXISTS `hexaswitch`;
/*!40101 SET @saved_cs_client     = @@character_set_client */;
/*!40101 SET character_set_client = utf8 */;
CREATE TABLE `hexaswitch` (
  `id` int(10) unsigned NOT NULL AUTO_INCREMENT,
  `machine_id` int(11) NOT NULL,
  `switch_ip` varchar(100) NOT NULL,
  PRIMARY KEY (`id`)
) ENGINE=InnoDB AUTO_INCREMENT=40 DEFAULT CHARSET=utf8;
/*!40101 SET character_set_client = @saved_cs_client */;

--
-- Dumping data for table `hexaswitch`
--

LOCK TABLES `hexaswitch` WRITE;
/*!40000 ALTER TABLE `hexaswitch` DISABLE KEYS */;
INSERT INTO `hexaswitch` VALUES (1,6,'fe80::50:c4ff:fe04:8370'),(32,2,'11.222.333.44'),(39,13,'12.123.12313.123124');
/*!40000 ALTER TABLE `hexaswitch` ENABLE KEYS */;
UNLOCK TABLES;

--
-- Table structure for table `invoices`
--

DROP TABLE IF EXISTS `invoices`;
/*!40101 SET @saved_cs_client     = @@character_set_client */;
/*!40101 SET character_set_client = utf8 */;
CREATE TABLE `invoices` (
  `id` int(11) unsigned NOT NULL AUTO_INCREMENT,
  `activations` text NOT NULL,
  `file_path` varchar(255) NOT NULL DEFAULT '',
  `created` datetime DEFAULT NULL,
  `period_from` datetime DEFAULT NULL,
  `period_to` datetime DEFAULT NULL,
  PRIMARY KEY (`id`)
) ENGINE=InnoDB AUTO_INCREMENT=47 DEFAULT CHARSET=utf8;
/*!40101 SET character_set_client = @saved_cs_client */;

--
-- Dumping data for table `invoices`
--

LOCK TABLES `invoices` WRITE;
/*!40000 ALTER TABLE `invoices` DISABLE KEYS */;
INSERT INTO `invoices` VALUES (46,'[297,296,286,295,284,290,282,293,280,285,291,283,294,281,287,292,279,288,289,298]','files/invoice-20150204-20150414-ustGKVIyRs.xlsx','2015-04-21 21:31:52','2015-02-04 00:00:00','2015-04-14 23:59:59');
/*!40000 ALTER TABLE `invoices` ENABLE KEYS */;
UNLOCK TABLES;

--
-- Table structure for table `machines`
--

DROP TABLE IF EXISTS `machines`;
/*!40101 SET @saved_cs_client     = @@character_set_client */;
/*!40101 SET character_set_client = utf8 */;
CREATE TABLE `machines` (
  `id` bigint(20) unsigned NOT NULL AUTO_INCREMENT,
  `name` varchar(255) NOT NULL DEFAULT '',
  `shortname` varchar(100) DEFAULT NULL,
  `description` text NOT NULL,
  `image` varchar(255) DEFAULT NULL,
  `available` tinyint(1) NOT NULL,
  `unavail_msg` text,
  `unavail_till` datetime DEFAULT NULL,
  `price` double unsigned NOT NULL,
  `price_unit` varchar(100) DEFAULT NULL,
  PRIMARY KEY (`id`)
) ENGINE=InnoDB AUTO_INCREMENT=14 DEFAULT CHARSET=utf8;
/*!40101 SET character_set_client = @saved_cs_client */;

--
-- Dumping data for table `machines`
--

LOCK TABLES `machines` WRITE;
/*!40000 ALTER TABLE `machines` DISABLE KEYS */;
INSERT INTO `machines` VALUES (1,'Laydrop 3D Printer','MB3DP','NYC 3D printer 4 real and 4 life.','',1,'',NULL,16,'hour'),(2,'MakerBot 3D Printer','MB3DP','NYC 3D printer 4 real and 4 life.','',1,'',NULL,16,'hour'),(3,'Zing Laser Cutter','ZLC','Cuts wood, plastic, paper. Fast.','',1,'',NULL,1,'minute'),(4,'CNC Router','CNC','Cuts steel, plutanium, uranium. Drill on steroids.','',0,'',NULL,15,'hour'),(5,'Hand Drill','HD','A man is a man if he does not know how to handle one.','',1,'',NULL,1,'hour'),(7,'Red Lamp','RL','Red lamp for testing switches','',1,'',NULL,1,'hour'),(8,'Red Lamp','RL','Red lamp for testing switches','',1,'',NULL,1,'hour');
/*!40000 ALTER TABLE `machines` ENABLE KEYS */;
UNLOCK TABLES;

--
-- Table structure for table `membership`
--

DROP TABLE IF EXISTS `membership`;
/*!40101 SET @saved_cs_client     = @@character_set_client */;
/*!40101 SET character_set_client = utf8 */;
CREATE TABLE `membership` (
  `id` int(11) unsigned NOT NULL AUTO_INCREMENT,
  `title` varchar(100) NOT NULL DEFAULT '',
  `short_name` varchar(100) NOT NULL DEFAULT '',
  `duration` int(11) NOT NULL,
  `unit` varchar(100) NOT NULL,
  `price` double NOT NULL,
  `machine_price_deduction` int(11) NOT NULL,
  `affected_machines` text,
  PRIMARY KEY (`id`)
) ENGINE=InnoDB AUTO_INCREMENT=15 DEFAULT CHARSET=utf8;
/*!40101 SET character_set_client = @saved_cs_client */;

--
-- Dumping data for table `membership`
--

LOCK TABLES `membership` WRITE;
/*!40000 ALTER TABLE `membership` DISABLE KEYS */;
INSERT INTO `membership` VALUES (1,'6 Months Basic','6MB',160,'days',400,50,'[2,3,4,5,8,10]'),(2,'1 Month Basic','SMB',30,'days',100,50,'[2,3,4,5,8,10]'),(3,'1 Day Basic','SDB',1,'days',20,50,'[2,3,4,8,10]'),(12,'Partnership','PS',0,'days',1.2,20,'[2,3,5,8]'),(13,'Guest','GST',10,'days',10,30,'[3,4,5]'),(14,'Test','TST',5,'days',20,20,'[2,3,4,5,8,13]');
/*!40000 ALTER TABLE `membership` ENABLE KEYS */;
UNLOCK TABLES;

--
-- Table structure for table `permission`
--

DROP TABLE IF EXISTS `permission`;
/*!40101 SET @saved_cs_client     = @@character_set_client */;
/*!40101 SET character_set_client = utf8 */;
CREATE TABLE `permission` (
  `id` bigint(11) NOT NULL AUTO_INCREMENT,
  `user_id` bigint(11) NOT NULL,
  `machine_id` bigint(11) NOT NULL,
  PRIMARY KEY (`id`)
) ENGINE=InnoDB AUTO_INCREMENT=237 DEFAULT CHARSET=utf8;
/*!40101 SET character_set_client = @saved_cs_client */;

--
-- Dumping data for table `permission`
--

LOCK TABLES `permission` WRITE;
/*!40000 ALTER TABLE `permission` DISABLE KEYS */;
INSERT INTO `permission` VALUES (56,5,1),(57,5,2),(58,5,4),(144,6,2),(145,6,4),(146,6,5),(161,4,2),(162,4,4),(163,4,5),(183,2,2),(184,2,3),(185,2,4),(186,2,5),(187,2,8),(188,2,13),(219,1,2),(220,1,3),(221,1,4),(222,1,5),(223,1,8),(224,1,13),(231,8,2),(232,8,3),(233,8,4),(234,8,5),(235,8,8),(236,8,13);
/*!40000 ALTER TABLE `permission` ENABLE KEYS */;
UNLOCK TABLES;

--
-- Table structure for table `user`
--

DROP TABLE IF EXISTS `user`;
/*!40101 SET @saved_cs_client     = @@character_set_client */;
/*!40101 SET character_set_client = utf8 */;
CREATE TABLE `user` (
  `id` int(11) unsigned NOT NULL AUTO_INCREMENT,
  `first_name` varchar(100) NOT NULL DEFAULT '',
  `last_name` varchar(100) NOT NULL DEFAULT '',
  `username` varchar(100) NOT NULL DEFAULT '',
  `email` varchar(100) NOT NULL DEFAULT '',
  `invoice_addr` int(11) NOT NULL,
  `ship_addr` int(11) NOT NULL,
  `client_id` int(11) NOT NULL,
  `b2b` tinyint(1) NOT NULL,
  `company` varchar(100) NOT NULL DEFAULT '',
  `vat_user_id` varchar(100) NOT NULL DEFAULT '',
  `vat_rate` int(11) NOT NULL,
  `user_role` varchar(100) NOT NULL DEFAULT 'member',
  PRIMARY KEY (`id`)
) ENGINE=InnoDB AUTO_INCREMENT=10 DEFAULT CHARSET=utf8;
/*!40101 SET character_set_client = @saved_cs_client */;

--
-- Dumping data for table `user`
--

LOCK TABLES `user` WRITE;
/*!40000 ALTER TABLE `user` DISABLE KEYS */;
INSERT INTO `user` VALUES (1,'User','Banzi','user','user@cruzer.com',0,0,0,0,'','',0,''),(2,'Regular','Admin','admin','admin@example.com',0,0,0,0,'','',0,'admin'),(4,'Kurmis','Ku','kurmisku','kurims@asdl.lv',0,0,0,0,'','',0,''),(6,'Dafne','Zucker','dafzu','asd@dsa.com',0,0,0,0,'','',0,'member'),(8,'Wolf','J','wolf','wolf@makea.org',0,0,0,0,'','',0,'admin'),(9,'','','','test@example.com',0,0,0,0,'','',0,'');
/*!40000 ALTER TABLE `user` ENABLE KEYS */;
UNLOCK TABLES;

--
-- Table structure for table `user_membership`
--

DROP TABLE IF EXISTS `user_membership`;
/*!40101 SET @saved_cs_client     = @@character_set_client */;
/*!40101 SET character_set_client = utf8 */;
CREATE TABLE `user_membership` (
  `id` int(11) unsigned NOT NULL AUTO_INCREMENT,
  `user_id` int(11) NOT NULL,
  `membership_id` int(11) NOT NULL,
  `start_date` datetime NOT NULL,
  `end_date` datetime DEFAULT NULL,
  PRIMARY KEY (`id`)
) ENGINE=InnoDB AUTO_INCREMENT=27 DEFAULT CHARSET=utf8;
/*!40101 SET character_set_client = @saved_cs_client */;

--
-- Dumping data for table `user_membership`
--

LOCK TABLES `user_membership` WRITE;
/*!40000 ALTER TABLE `user_membership` DISABLE KEYS */;
INSERT INTO `user_membership` VALUES (1,1,1,'2014-10-24 00:00:00',NULL),(4,2,3,'2015-04-09 00:00:00',NULL),(8,1,3,'2015-04-10 00:00:00',NULL),(9,1,12,'2015-04-10 00:00:00',NULL),(12,8,14,'2015-04-14 00:00:00',NULL),(26,9,2,'2015-04-16 00:00:00',NULL);
/*!40000 ALTER TABLE `user_membership` ENABLE KEYS */;
UNLOCK TABLES;

--
-- Table structure for table `user_roles`
--

DROP TABLE IF EXISTS `user_roles`;
/*!40101 SET @saved_cs_client     = @@character_set_client */;
/*!40101 SET character_set_client = utf8 */;
CREATE TABLE `user_roles` (
  `user_id` int(11) NOT NULL,
  `admin` tinyint(1) NOT NULL,
  `staff` tinyint(1) NOT NULL,
  `member` tinyint(1) NOT NULL
) ENGINE=InnoDB DEFAULT CHARSET=utf8;
/*!40101 SET character_set_client = @saved_cs_client */;

--
-- Dumping data for table `user_roles`
--

LOCK TABLES `user_roles` WRITE;
/*!40000 ALTER TABLE `user_roles` DISABLE KEYS */;
INSERT INTO `user_roles` VALUES (1,0,0,1),(2,1,0,0);
/*!40000 ALTER TABLE `user_roles` ENABLE KEYS */;
UNLOCK TABLES;
/*!40103 SET TIME_ZONE=@OLD_TIME_ZONE */;

/*!40101 SET SQL_MODE=@OLD_SQL_MODE */;
/*!40014 SET FOREIGN_KEY_CHECKS=@OLD_FOREIGN_KEY_CHECKS */;
/*!40014 SET UNIQUE_CHECKS=@OLD_UNIQUE_CHECKS */;
/*!40101 SET CHARACTER_SET_CLIENT=@OLD_CHARACTER_SET_CLIENT */;
/*!40101 SET CHARACTER_SET_RESULTS=@OLD_CHARACTER_SET_RESULTS */;
/*!40101 SET COLLATION_CONNECTION=@OLD_COLLATION_CONNECTION */;
/*!40111 SET SQL_NOTES=@OLD_SQL_NOTES */;

-- Dump completed on 2015-04-21 21:35:44
